{"cameraMode":{"drawMode":0,"name":"Shaded","section":"Shading Mode"},"sceneLighting":false,"audioPlay":false,"sceneViewState":{"m_AlwaysRefresh":false,"showFog":true,"showSkybox":false,"showFlares":true,"showImageEffects":true,"showParticleSystems":true,"showVisualEffectGraphs":true,"m_FxEnabled":true},"in2DMode":false,"pivot":{"x":-0.10546267032623291,"y":0.6285682916641235,"z":0.24601072072982789},"rotation":{"x":-0.09458901733160019,"y":-0.4586213231086731,"z":0.04917221888899803,"w":-0.8822147250175476},"size":0.7898368239402771,"orthographic":false}