{"cameraMode":{"drawMode":0,"name":"Shaded","section":"Shading Mode"},"sceneLighting":false,"audioPlay":false,"sceneViewState":{"m_AlwaysRefresh":false,"showFog":true,"showSkybox":false,"showFlares":true,"showImageEffects":true,"showParticleSystems":true,"showVisualEffectGraphs":true,"m_FxEnabled":true},"in2DMode":false,"pivot":{"x":0.000004000961780548096,"y":-9.94652509689331e-7,"z":0.4067140817642212},"rotation":{"x":-0.32049593329429629,"y":-0.5935764312744141,"z":0.2782202959060669,"w":-0.683773934841156},"size":0.5918149352073669,"orthographic":false}