{"cameraMode":{"drawMode":0,"name":"Shaded","section":"Shading Mode"},"sceneLighting":false,"audioPlay":false,"sceneViewState":{"m_AlwaysRefresh":false,"showFog":true,"showSkybox":false,"showFlares":true,"showImageEffects":true,"showParticleSystems":true,"showVisualEffectGraphs":true,"m_FxEnabled":true},"in2DMode":false,"pivot":{"x":-0.14485034346580506,"y":0.0389837808907032,"z":-0.000761181116104126},"rotation":{"x":0.17502431571483613,"y":-0.5242040157318115,"z":0.11107709258794785,"w":0.8259804248809815},"size":0.4298052191734314,"orthographic":false}